<?xml version="1.0" encoding="UTF-8"?>
<!DOCTYPE hibernate-configuration PUBLIC "-//Hibernate/Hibernate Configuration DTD 3.0//EN"
                                         "http://www.hibernate.org/dtd/hibernate-configuration-3.0.dtd">
<hibernate-configuration>
 <session-factory>
 
  <property name="hibernate.connection.driver_class">com.mysql.jdbc.Driver</property>
  <property name="hibernate.connection.password">19960329su</property>
  <property name="hibernate.connection.url">jdbc:mysql://localhost:3306/hiparty</property>
  <property name="hibernate.connection.username">root</property>
  <property name="hibernate.dialect">org.hibernate.dialect.MySQLDialect</property>
  <property name="show_sql">true</property>
  <property name="format_sql">true</property>

  <property name="hibernate.hbm2ddl.auto">update</property>
  <property name="hibernate.current_session_context_class">thread</property>
  <property name="hibernate.c3p0.max_statements">100</property>
  <property name="hibernate.c3p0.idle_test_period">300</property>
  <property name="hibernate.c3p0.max_size">20</property>
  <property name="hibernate.c3p0.min_size">5</property>
  <property name="hibernate.c3p0.timeout">50000</property>
  <property name="hibernate.c3p0.acquire_increment">2</property>

  <mapping class="com.beans.User"/>
  <mapping class="com.beans.Punishment"/>
  <mapping class="com.beans.WarmGame"/>
  <mapping class="com.beans.GameWords"/>
  <mapping class="com.beans.LoadFile"/>
 </session-factory>
</hibernate-configuration>
